"uni_id","cell_id","video_key","treatment","parent","ancestor","no_data_points","track_length","death_time","survival_time","max_filament_length","max_chromosome_length","max_chromosome_area","diff","avg_protein_load","max_protein_load","post_max_protein_retention","no_protein_bud","bud_produced","row_id"
"1:10","16","1","30","2","0",127,126,135,10.5,74.542,66.612,"172.669284",0.00793650793650794,3.59770114942529,6,0.95,0,"NO",1
"1:10","17","1","30","2","0",80,140,149,11.6666666666667,31.232,41.236,"102.893092",0.428571428571429,1,1,1,0,"NO",2
"1:10","18","1","30","1","0",173,244,255,20.3333333333333,38.552,39.772,"122.71858",0.290983606557377,1,1,1,0,"NO",3
"1:10","19","1","30","1","0",174,202,255,16.8333333333333,38.552,38.674,"122.71858",0.138613861386139,1.30534351145038,2,0.655038759689923,0,"NO",4
"1:11","16","1","30","2","0",106,121,128,10.0833333333333,88.694,69.784,"251.286572",0.12396694214876,2.99038461538462,8,0.547916666666667,1,"YES",5
"1:11","18","1","30","3","0",139,162,178,13.5,78.08,109.068,"241.71616",0.141975308641975,2.24137931034483,3,0.787545787545788,0,"NO",6
"1:11","19","1","30","3","0",138,162,178,13.5,68.93,109.068,"241.71616",0.148148148148148,1.2406015037594,2,0.664948453608247,0,"NO",7
"1:11","23","1","30","20","0",151,182,224,15.1666666666667,50.02,95.038,"201.261448",0.17032967032967,1,1,1,0,"NO",8
"1:13","35","1","30","3","0",86,93,96,7.75,198.86,88.694,"275.145624",0.0752688172043011,1,1,1,0,"NO",9
"1:13","36","1","30","2","0",173,201,211,16.75,193.614,163.236,"437.202616",0.139303482587065,4.65853658536585,9,0.863049095607235,1,"YES",10
"1:13","37","1","30","2","0",168,201,211,16.75,193.614,163.236,"437.202616",0.164179104477612,2.08496732026144,4,0.586538461538462,0,"NO",11
"1:13","40","1","30","6","0",155,218,232,18.1666666666667,80.52,92.598,"212.677476",0.288990825688073,2.13223140495868,5,0.5125,2,"YES",12
"1:13","43","1","30","1","0",122,158,174,13.1666666666667,76.86,74.908,"191.795224",0.227848101265823,1.79591836734694,4,0.508928571428571,2,"YES",13
"1:13","45","1","30","34","0",121,180,210,15,206.546,251.808,"741.342272",0.327777777777778,1.47727272727273,4,0.394736842105263,2,"YES",14
"1:15","9","1","30","3","0",155,155,164,12.9166666666667,53.314,52.704,"125.47212",0,1.42105263157895,2,0.9,1,"YES",15
"1:2","43","1","30","11","0",180,256,265,21.3333333333333,86.498,95.892,"297.75442",0.296875,2.90588235294118,7,0.533501896333755,0,"NO",16
"1:2","45","1","30","15","0",154,132,144,11,70.882,55.144,"137.15606",0.166666666666667,1.55,3,0.567375886524823,1,"YES",17
"1:2","46","1","30","44","0",51,50,68,4.16666666666667,43.92,19.398,"64.403068",0.02,1,1,1,0,"NO",18
"1:2","47","1","30","44","0",42,50,68,4.16666666666667,35.502,18.666,"45.946908",0.16,1,1,1,0,"NO",19
"1:2","48","1","30","10","0",100,162,192,13.5,50.264,50.264,"125.591192",0.382716049382716,1.46,2,0.810810810810811,0,"NO",20
"1:2","49","1","30","10","0",160,162,192,13.5,43.31,41.724,"87.696528",0.0123456790123457,1,1,1,0,"NO",21
"1:3","19","1","30","5","0",133,146,157,12.1666666666667,63.318,84.302,"308.456016",0.089041095890411,3.10185185185185,7,0.584415584415584,0,"NO",22
"1:3","21","1","30","6","0",140,167,179,13.9166666666667,77.104,106.262,"281.917844",0.161676646706587,3.51063829787234,6,0.75609756097561,0,"NO",23
"1:3","22","1","30","6","0",143,167,179,13.9166666666667,77.104,106.262,"281.917844",0.143712574850299,1.5703125,3,0.55663430420712,1,"YES",24
"1:3","24","1","30","3","0",154,190,204,15.8333333333333,81.984,84.058,"235.09278",0.189473684210526,1.53571428571429,3,0.60377358490566,1,"YES",25
"1:3","25","1","30","23","0",127,177,204,14.75,52.826,88.938,"235.152316",0.282485875706215,1,1,1,0,"NO",26
"1:3","26","1","30","23","0",116,177,204,14.75,64.538,90.036,"235.152316",0.344632768361582,1.26086956521739,2,0.706896551724138,0,"NO",27
"1:7","26","1","30","8","0",179,178,191,14.8333333333333,88.328,89.304,"251.033544",0.00561797752808989,3.13125,4,0.7828125,1,"YES",28
"1:7","29","1","30","10","0",134,167,183,13.9166666666667,83.814,87.84,"342.823172",0.197604790419162,2.92708333333333,5,0.646875,2,"YES",29
"1:7","30","1","30","9","0",142,152,168,12.6666666666667,77.958,70.516,"160.315564",0.0657894736842105,2.33057851239669,4,0.655612244897959,0,"NO",30
"1:7","31","1","30","9","0",145,191,207,15.9166666666667,74.664,100.65,"251.033544",0.240837696335079,1.51948051948052,2,0.785714285714286,0,"NO",31
"1:8","18","1","30","6","0",105,139,150,11.5833333333333,68.808,89.182,"242.415708",0.244604316546763,2.25,4,0.608552631578947,0,"NO",32
"2:10","20","2","60","2","0",34,41,50,3.41666666666667,34.404,15.738,"47.346004",0.170731707317073,0,0,0,0,"NO",33
"2:10","21","2","60","2","0",184,228,237,19,44.896,50.508,"106.733164",0.192982456140351,2.31847133757962,3,0.772823779193206,0,"NO",34
"2:10","24","2","60","7","0",79,142,153,11.8333333333333,43.554,47.702,"123.38836",0.443661971830986,1.25373134328358,2,0.637096774193548,0,"NO",35
"2:10","25","2","60","7","0",79,143,154,11.9166666666667,61.976,66.734,"178.994984",0.447552447552448,2.51351351351351,4,0.589285714285714,0,"NO",36
"2:10","26","2","60","1","0",142,161,173,13.4166666666667,45.994,54.412,"134.55136",0.118012422360248,0,0,0,0,"NO",37
"2:10","28","2","60","3","0",134,133,146,11.0833333333333,32.086,32.574,"85.493696",0.0075187969924812,1,1,1,0,"NO",38
"2:10","29","2","60","3","0",167,169,182,14.0833333333333,37.088,36.844,"85.493696",0.0118343195266272,1.83969465648855,2,0.986725663716814,0,"NO",39
"2:10","32","2","60","4","0",184,228,246,19,56.12,65.026,"168.844096",0.192982456140351,4.9016393442623,8,0.854166666666667,0,"NO",40
"2:10","33","2","60","4","0",171,170,188,14.1666666666667,37.21,65.026,"168.844096",0.00588235294117647,2.15447154471545,5,0.518181818181818,0,"NO",41
"2:12","31","2","60","3","0",219,251,255,20.9166666666667,66.734,50.386,"125.427468",0.127490039840637,1.47783251231527,4,0.367559523809524,0,"NO",42
"2:12","32","2","60","6","0",176,258,267,21.5,54.168,73.322,"199.8177",0.317829457364341,1.89380530973451,3,0.659176029962547,0,"NO",43
"2:12","33","2","60","6","0",185,258,267,21.5,54.168,70.516,"199.8177",0.282945736434109,2.75776397515528,4,0.817073170731707,0,"NO",44
"2:12","34","2","60","8","0",135,164,177,13.6666666666667,40.26,42.456,"143.466876",0.176829268292683,1,1,1,0,"NO",45
"2:12","35","2","60","8","0",131,164,177,13.6666666666667,40.26,42.456,"143.466876",0.201219512195122,1.76576576576577,2,1,0,"NO",46
"2:12","36","2","60","12","0",159,240,261,20,35.258,41.358,"117.866396",0.3375,0,0,0,0,"NO",47
"2:12","37","2","60","12","0",81,100,121,8.33333333333333,34.404,35.99,"117.866396",0.19,1.2962962962963,2,0.666666666666667,0,"NO",48
"2:12","38","2","60","9","0",146,145,172,12.0833333333333,34.282,36.844,"97.981372",0.00689655172413793,1,1,1,0,"NO",49
"2:15","18","2","60","4","0",36,35,41,2.91666666666667,20.862,14.64,"29.54474",0.0285714285714286,0,0,0,0,"NO",50
"2:15","19","2","60","5","0",159,158,168,13.1666666666667,52.46,50.508,"140.222164",0.00632911392405063,1.77118644067797,2,0.895652173913044,0,"NO",51
"2:15","20","2","60","5","0",182,181,191,15.0833333333333,52.46,55.632,"140.222164",0.00552486187845304,1.99404761904762,3,0.740112994350282,0,"NO",52
"2:15","22","2","60","7","0",164,183,198,15.25,39.894,48.922,"140.117976",0.103825136612022,3.31578947368421,6,0.735507246376812,0,"NO",53
"2:15","25","2","60","3","0",137,140,156,11.6666666666667,45.872,56.608,"118.893392",0.0214285714285714,1.50819672131148,2,0.984375,1,"YES",54
"2:15","26","2","60","3","0",162,168,184,14,47.58,56.608,"118.893392",0.0357142857142857,2.48344370860927,4,0.653225806451613,0,"NO",55
"2:1","16","2","60","1","0",126,125,132,10.4166666666667,44.042,48.19,"117.122196",0.008,1.96875,2,0.99468085106383,0,"NO",56
"2:1","17","2","60","1","0",280,208,215,17.3333333333333,48.068,9.272,"17.444048",0.346153846153846,0,0,0,0,"NO",57
"2:1","19","2","60","10","0",155,170,191,14.1666666666667,12.81,13.664,"24.022776",0.0882352941176471,0,0,0,0,"NO",58
"2:2","9","2","60","1","0",155,154,162,12.8333333333333,59.78,67.344,"193.968288",0.00649350649350649,2.28048780487805,4,0.583333333333333,0,"NO",59
"2:2","10","2","60","1","0",142,155,163,12.9166666666667,78.08,75.884,"193.968288",0.0838709677419355,3.14414414414414,8,0.875,0,"NO",60
"2:2","13","2","60","3","0",215,214,227,17.8333333333333,45.506,47.702,"146.75624",0.00467289719626168,1.8256880733945,2,0.920560747663551,0,"NO",61
"2:2","14","2","60","3","0",218,226,239,18.8333333333333,45.506,47.702,"146.75624",0.0353982300884956,1.49238578680203,3,0.51123595505618,0,"NO",62
"2:3","17","2","60","6","0",158,173,186,14.4166666666667,50.874,59.536,"205.518272",0.0867052023121387,0,0,0,0,"NO",63
"2:6","18","2","60","7","0",123,122,133,10.1666666666667,27.572,39.284,"111.734188",0.00819672131147541,1,1,1,0,"NO",64
"2:6","19","2","60","7","0",161,160,171,13.3333333333333,29.158,39.284,"111.734188",0.00625,1.68275862068966,2,0.923076923076923,1,"YES",65
"2:6","20","2","60","3","0",163,170,186,14.1666666666667,50.63,54.9,"137.349552",0.0411764705882353,3.12068965517241,4,0.911016949152542,0,"NO",66
"2:6","21","2","60","3","0",163,172,188,14.3333333333333,50.386,48.19,"102.3275",0.0523255813953488,1,1,1,0,"NO",67
"2:6","25","2","60","4","0",191,190,206,15.8333333333333,53.558,61.61,"212.082116",0.00526315789473684,1,1,1,0,"NO",68
"2:6","27","2","60","5","0",194,233,249,19.4166666666667,45.14,49.654,"100.853984",0.167381974248927,2.32203389830508,4,0.62751677852349,0,"NO",69
"2:6","30","2","60","10","0",176,183,213,15.25,50.63,48.068,"126.752144",0.0382513661202186,0,0,0,0,"NO",70
"2:6","31","2","60","10","0",176,183,213,15.25,50.63,48.068,"126.752144",0.0382513661202186,1.27218934911243,2,0.640243902439024,0,"NO",71
"2:8","19","2","60","7","0",74,73,76,6.08333333333333,53.192,28.182,"84.794148",0.0136986301369863,0,0,0,0,"NO",72
"2:8","20","2","60","7","0",130,129,132,10.75,56.852,62.098,"134.089956",0.00775193798449612,3.10576923076923,5,0.642307692307692,0,"NO",73
"2:8","21","2","60","2","0",101,153,164,12.75,49.654,56.12,"134.84904",0.339869281045752,1.05882352941176,2,0.578947368421053,0,"NO",74
"2:8","22","2","60","2","0",101,153,164,12.75,49.654,56.12,"134.84904",0.339869281045752,1.72727272727273,3,0.789473684210526,0,"NO",75
"2:9","18","2","60","6","0",202,250,262,20.8333333333333,53.192,52.826,"113.817948",0.192,1.66477272727273,2,0.89,0,"NO",76
"2:9","19","2","60","6","0",226,225,237,18.75,53.192,48.678,"111.510928",0.00444444444444444,1.10471204188482,2,0.564102564102564,0,"NO",77
"2:9","22","2","60","10","0",178,191,203,15.9166666666667,70.15,94.062,"274.029324",0.0680628272251309,1.80821917808219,2,0.953846153846154,0,"NO",78
"2:9","23","2","60","10","0",190,190,202,15.8333333333333,70.15,89.06,"274.029324",0,1.53439153439153,2,0.917355371900826,0,"NO",79
"2:9","27","2","60","5","0",147,248,262,20.6666666666667,54.046,63.684,"148.438132",0.407258064516129,3.1986301369863,4,0.835766423357664,1,"YES",80
"3:13","23","3","30","3","0",129,128,140,10.6666666666667,55.144,58.804,"142.73756",0.0078125,1.26315789473684,2,0.790697674418605,1,"YES",81
"3:13","24","3","30","3","0",115,163,175,13.5833333333333,53.802,58.926,"150.492124",0.294478527607362,1,1,1,0,"NO",82
"3:14","9","3","30","1","0",108,112,114,9.33333333333333,79.544,57.34,"129.892668",0.0357142857142857,1,1,1,0,"NO",83
"3:14","11","3","30","4","0",147,167,176,13.9166666666667,58.926,62.83,"260.589072",0.119760479041916,1.13392857142857,2,0.607142857142857,0,"NO",84
"3:14","12","3","30","4","0",133,167,176,13.9166666666667,59.292,67.588,"260.589072",0.203592814371257,1.78448275862069,3,0.7,0,"NO",85
"3:14","15","3","30","10","0",93,92,124,7.66666666666667,79.544,53.07,"143.958048",0.0108695652173913,2.25,6,0.512578616352201,0,"NO",86
"3:15","16","3","30","7","0",95,94,102,7.83333333333333,64.782,27.938,"72.976252",0.0106382978723404,1.65,3,0.696969696969697,2,"YES",87
"3:15","17","3","30","3","0",127,132,141,11,61.366,64.294,"187.523516",0.0378787878787879,3.6046511627907,6,0.614583333333333,2,"YES",88
"3:15","19","3","30","6","0",212,212,221,17.6666666666667,93.33,66.002,"246.136708",0,1,1,1,0,"NO",89
"3:15","20","3","30","6","0",146,221,230,18.4166666666667,102.236,137.006,"345.338568",0.339366515837104,4.69827586206897,8,0.887820512820513,0,"NO",90
"3:15","22","3","30","4","0",167,211,231,17.5833333333333,47.946,50.63,"113.088632",0.208530805687204,2.07692307692308,3,0.870833333333333,0,"NO",91
"3:1","9","3","30","3","0",126,143,160,11.9166666666667,38.552,40.87,"74.911172",0.118881118881119,1,1,1,1,"YES",92
"3:1","12","3","30","4","0",176,182,200,15.1666666666667,46.604,55.632,"201.023304",0.032967032967033,1.69798657718121,2,0.995238095238095,0,"NO",93
"3:2","11","3","30","3","0",128,127,135,10.5833333333333,51.484,55.51,"144.657596",0.0078740157480315,1.27835051546392,2,0.77,0,"NO",94
"3:2","13","3","30","5","0",78,77,87,6.41666666666667,69.296,38.43,"111.347204",0.012987012987013,1.73770491803279,3,0.888888888888889,0,"NO",95
"3:2","14","3","30","5","0",107,182,192,15.1666666666667,80.886,93.696,"275.994012",0.412087912087912,1.62921348314607,3,0.681159420289855,1,"YES",96
"3:3","9","3","30","1","0",96,166,172,13.8333333333333,55.51,64.66,"230.002452",0.421686746987952,1.90769230769231,2,0.968253968253968,0,"NO",97
"3:3","10","3","30","1","0",102,101,107,8.41666666666667,51.362,51.728,"133.003424",0.0099009900990099,1.31944444444444,2,1,0,"NO",98
"3:3","11","3","30","4","0",107,204,214,17,50.63,57.95,"228.4694",0.475490196078431,1.45588235294118,4,0.681818181818182,0,"NO",99
"3:3","12","3","30","4","0",144,205,215,17.0833333333333,39.406,57.95,"221.414384",0.297560975609756,1.2680412371134,2,0.642857142857143,1,"YES",100
"3:4","19","3","30","5","0",104,183,190,15.25,51.85,53.436,"140.237048",0.431693989071038,1.51219512195122,3,0.628787878787879,1,"YES",101
"3:4","20","3","30","1","0",114,166,174,13.8333333333333,44.53,64.416,"156.460608",0.313253012048193,1.81707317073171,2,0.92948717948718,0,"NO",102
"3:4","22","3","30","7","0",112,172,180,14.3333333333333,63.318,77.714,"252.774972",0.348837209302326,1.08433734939759,2,0.568627450980392,0,"NO",103
"3:4","23","3","30","7","0",121,172,180,14.3333333333333,63.318,77.714,"252.774972",0.296511627906977,1.72043010752688,2,0.992647058823529,0,"NO",104
"3:4","26","3","30","3","0",66,128,141,10.6666666666667,45.14,52.46,"139.626804",0.484375,1.30555555555556,2,0.892857142857143,0,"NO",105
"3:4","27","3","30","3","0",64,124,137,10.3333333333333,46.238,50.386,"137.409088",0.483870967741935,1,1,1,0,"NO",106
"3:6","10","3","30","3","0",159,158,167,13.1666666666667,55.632,72.346,"200.427944",0.00632911392405063,1,1,1,0,"NO",107
"3:6","11","3","30","3","0",98,97,106,8.08333333333333,53.802,72.346,"200.427944",0.0103092783505155,1.20253164556962,2,0.9,0,"NO",108
"3:6","13","3","30","1","0",128,156,169,13,53.558,64.172,"142.96082",0.179487179487179,1.85046728971963,3,0.598639455782313,1,"YES",109
"3:6","14","3","30","4","0",158,164,179,13.6666666666667,75.518,66.49,"218.735264",0.0365853658536585,1.72897196261682,2,0.910526315789474,0,"NO",110
"3:6","15","3","30","4","0",133,164,179,13.6666666666667,75.518,66.49,"218.735264",0.189024390243902,1.38666666666667,2,0.967741935483871,0,"NO",111
"3:7","21","3","30","2","0",158,157,162,13.0833333333333,59.78,55.754,"206.842948",0.00636942675159236,1.4578313253012,2,0.753333333333333,1,"YES",112
"3:7","22","3","30","2","0",111,110,115,9.16666666666667,59.536,52.094,"194.593416",0.00909090909090909,1.82608695652174,3,0.736111111111111,0,"NO",113
"3:7","23","3","30","5","0",160,223,228,18.5833333333333,60.024,80.764,"217.857108",0.282511210762332,2.06040268456376,4,0.809701492537313,0,"NO",114
"3:7","27","3","30","6","0",85,120,129,10,45.262,62.22,"178.652652",0.291666666666667,1,1,1,0,"NO",115
"3:7","28","3","30","6","0",104,120,129,10,45.018,56.974,"135.325328",0.133333333333333,1.4,2,0.741379310344828,1,"YES",116
"3:7","29","3","30","1","0",109,168,181,14,73.81,84.668,"272.630228",0.351190476190476,1.515625,3,0.96078431372549,0,"NO",117
"3:7","30","3","30","1","0",130,168,181,14,73.81,84.668,"272.630228",0.226190476190476,1.03703703703704,2,0.530769230769231,0,"NO",118
"3:8","16","3","30","1","0",111,114,123,9.5,62.83,66.246,"165.644036",0.0263157894736842,1.30232558139535,3,0.755555555555556,0,"NO",119
"3:8","18","3","30","7","0",138,164,173,13.6666666666667,47.946,53.192,"193.238972",0.158536585365854,1.87272727272727,3,0.689655172413793,0,"NO",120
"4:10","35","4","60","18","0",221,229,232,19.0833333333333,43.92,46.238,"89.45284",0.0349344978165939,1.71551724137931,2,0.857758620689655,2,"YES",121
"4:10","36","4","60","18","0",64,63,66,5.25,35.99,17.934,"35.453688",0.0158730158730159,1,1,1,0,"NO",122
"4:10","37","4","60","10","0",115,226,231,18.8333333333333,35.868,41.358,"92.072424",0.491150442477876,1.22340425531915,2,0.677966101694915,0,"NO",123
"4:10","38","4","60","10","0",115,225,230,18.75,34.404,36.722,"89.944012",0.488888888888889,1.11363636363636,2,0.580645161290323,1,"YES",124
"4:10","39","4","60","5","0",64,74,81,6.16666666666667,29.524,32.818,"56.588968",0.135135135135135,1,1,1,0,"NO",125
"4:10","40","4","60","5","0",75,95,102,7.91666666666667,26.718,31.964,"71.74088",0.210526315789474,1.125,2,0.5625,0,"NO",126
"4:10","41","4","60","7","0",111,185,195,15.4166666666667,22.326,30.866,"50.843744",0.4,1.79090909090909,2,1,0,"NO",127
"4:10","42","4","60","7","0",111,110,120,9.16666666666667,6.222,8.296,"13.499788",0.00909090909090909,0,0,0,0,"NO",128
"4:10","43","4","60","15","0",103,134,147,11.1666666666667,31.232,44.164,"90.7924",0.23134328358209,1.07692307692308,2,0.571428571428571,0,"NO",129
"4:10","44","4","60","15","0",115,134,147,11.1666666666667,25.132,28.914,"63.77794",0.141791044776119,1.68686868686869,3,0.675438596491228,1,"YES",130
"4:10","46","4","60","2","0",113,138,152,11.5,22.326,20.984,"51.037236",0.181159420289855,1.70833333333333,2,0.886363636363636,0,"NO",131
"4:11","12","4","60","3","0",94,93,99,7.75,43.554,44.164,"105.214996",0.010752688172043,1.35365853658537,2,1,1,"YES",132
"4:15","31","4","60","2","0",132,247,264,20.5833333333333,34.892,45.872,"111.436508",0.465587044534413,1.34883720930233,2,0.794117647058823,0,"NO",133
"4:15","32","4","60","2","0",132,247,264,20.5833333333333,33.428,45.872,"111.436508",0.465587044534413,1.28703703703704,2,0.942857142857143,0,"NO",134
"4:1","12","4","60","6","0",156,247,263,20.5833333333333,36.234,46.482,"101.642836",0.368421052631579,1.05042016806723,2,0.543478260869565,1,"YES",135
"4:1","13","4","60","1","0",51,57,80,4.75,21.35,17.08,"36.24254",0.105263157894737,1,1,1,0,"NO",136
"4:1","14","4","60","1","0",51,57,80,4.75,21.35,17.08,"36.24254",0.105263157894737,1,1,1,0,"NO",137
"4:2","22","4","60","9","0",62,75,83,6.25,40.504,25.62,"43.357092",0.173333333333333,1,1,1,0,"NO",138
"4:2","24","4","60","2","0",135,172,181,14.3333333333333,27.084,30.256,"72.023676",0.215116279069767,0,0,0,0,"NO",139
"4:2","25","4","60","2","0",135,172,181,14.3333333333333,34.282,31.842,"72.023676",0.215116279069767,2.16260162601626,3,0.721311475409836,0,"NO",140
"4:2","26","4","60","10","0",55,83,95,6.91666666666667,40.992,33.428,"85.88068",0.337349397590361,1.4,2,0.9,0,"NO",141
"4:2","27","4","60","10","0",58,83,95,6.91666666666667,38.186,37.088,"95.525512",0.301204819277108,1.08620689655172,2,0.916666666666667,0,"NO",142
"4:2","28","4","60","7","0",115,193,208,16.0833333333333,42.944,62.22,"136.248136",0.404145077720207,1,1,1,0,"NO",143
"4:4","31","4","60","1","0",55,54,62,4.5,40.504,20.984,"33.8611",0.0185185185185185,1.83333333333333,2,1,0,"NO",144
"4:4","33","4","60","6","0",84,116,125,9.66666666666667,22.326,30.866,"70.058988",0.275862068965517,1.72881355932203,3,0.682926829268293,0,"NO",145
"4:4","34","4","60","6","0",76,116,125,9.66666666666667,31.598,32.086,"70.058988",0.344827586206897,1,1,1,0,"NO",146
"4:4","37","4","60","16","0",64,119,130,9.91666666666667,24.888,26.962,"73.97348",0.46218487394958,1,1,1,0,"NO",147
"4:4","38","4","60","16","0",64,119,130,9.91666666666667,24.888,26.962,"73.97348",0.46218487394958,1.51282051282051,3,1,0,"NO",148
"4:4","39","4","60","2","0",26,38,56,3.16666666666667,10.492,11.102,"20.956672",0.315789473684211,1,1,1,0,"NO",149
"4:4","40","4","60","2","0",26,38,56,3.16666666666667,11.956,14.396,"20.272008",0.315789473684211,1,1,1,0,"NO",150
"4:5","12","4","60","3","0",62,61,65,5.08333333333333,5.978,6.832,"13.32118",0.0163934426229508,1,1,1,0,"NO",151
"4:5","13","4","60","3","0",89,132,136,11,32.208,35.624,"77.128888",0.325757575757576,1.63492063492063,2,1,0,"NO",152
"4:5","15","4","60","1","0",82,81,91,6.75,13.054,14.884,"28.100992",0.0123456790123457,1.65432098765432,2,1,0,"NO",153
"4:7","21","4","60","10","0",38,43,52,3.58333333333333,16.47,10.98,"17.8608",0.116279069767442,1,1,1,0,"NO",154
"4:7","22","4","60","10","0",44,43,52,3.58333333333333,18.544,9.394,"16.982644",0.0232558139534884,0,0,0,0,"NO",155
"4:8","27","4","60","16","0",71,76,80,6.33333333333333,43.432,39.284,"71.711112",0.0657894736842105,1.36585365853659,2,0.692307692307692,0,"NO",156
"4:8","28","4","60","16","0",49,77,81,6.41666666666667,31.964,26.108,"36.927204",0.363636363636364,1,1,1,0,"NO",157
"4:8","30","4","60","11","0",162,161,177,13.4166666666667,18.91,25.864,"48.700448",0.0062111801242236,1.81560283687943,2,1,0,"NO",158
"5:12","13","5","60","2","0",39,38,42,3.16666666666667,38.796,15.86,"36.584872",0.0263157894736842,1.86363636363636,2,1,0,"NO",159
"5:12","14","5","60","2","0",46,47,51,3.91666666666667,50.02,21.472,"44.20548",0.0212765957446809,1.54545454545455,4,0.90625,0,"NO",160
"5:14","18","5","60","9","0",129,143,149,11.9166666666667,32.574,34.892,"82.725272",0.0979020979020979,1,1,1,0,"NO",161
"5:14","19","5","60","9","0",134,139,145,11.5833333333333,45.628,38.796,"79.688936",0.0359712230215827,1.89719626168224,2,0.989795918367347,0,"NO",162
"5:14","20","5","60","5","0",75,74,81,6.16666666666667,33.672,31.232,"86.729068",0.0135135135135135,2,3,0.944444444444445,0,"NO",163
"5:14","22","5","60","8","0",77,137,145,11.4166666666667,58.194,83.082,"198.135808",0.437956204379562,1.90322580645161,7,1,0,"NO",164
"5:14","23","5","60","8","0",77,137,145,11.4166666666667,49.41,83.082,"198.135808",0.437956204379562,2.09836065573771,4,0.522727272727273,0,"NO",165
"5:14","24","5","60","10","0",108,136,147,11.3333333333333,39.894,45.262,"86.729068",0.205882352941176,1.59223300970874,3,0.710691823899371,0,"NO",166
"5:14","25","5","60","10","0",105,137,148,11.4166666666667,50.874,50.874,"114.949132",0.233576642335766,1.33333333333333,2,0.708333333333333,0,"NO",167
"5:15","15","5","60","3","0",97,96,101,8,52.826,43.066,"113.550036",0.0104166666666667,2.25806451612903,5,0.677272727272727,0,"NO",168
"5:15","19","5","60","7","0",42,41,53,3.41666666666667,37.942,14.03,"55.844768",0.024390243902439,1.1304347826087,2,0.666666666666667,0,"NO",169
"5:1","10","5","60","6","0",100,100,112,8.33333333333333,51.606,19.276,"46.155284",0,2.03571428571429,4,0.58974358974359,0,"NO",170
"5:1","12","5","60","4","0",67,72,85,6,43.92,49.288,"156.088508",0.0694444444444444,2.33928571428571,3,0.904761904761905,0,"NO",171
"5:2","19","5","60","8","0",58,74,80,6.16666666666667,53.314,47.336,"98.993484",0.216216216216216,1.80434782608696,3,0.928571428571428,0,"NO",172
"5:2","22","5","60","6","0",88,119,125,9.91666666666667,48.678,77.104,"211.79932",0.260504201680672,1.92,2,1,1,"YES",173
"5:2","24","5","60","1","0",115,162,170,13.5,59.414,69.662,"256.168524",0.290123456790123,1.89,3,0.727272727272727,0,"NO",174
"5:2","25","5","60","4","0",81,118,129,9.83333333333333,46.238,62.708,"162.845844",0.313559322033898,1.49253731343284,2,0.84375,0,"NO",175
"5:2","26","5","60","4","0",83,118,129,9.83333333333333,46.482,62.708,"162.845844",0.296610169491525,1.43283582089552,4,0.916666666666667,0,"NO",176
"5:2","27","5","60","17","0",71,79,97,6.58333333333333,30.134,29.28,"65.757512",0.10126582278481,1,1,1,0,"NO",177
"5:3","13","5","60","5","0",79,78,86,6.5,58.194,25.01,"95.123644",0.0128205128205128,1.88,4,0.916666666666667,0,"NO",178
"5:4","13","5","60","4","0",84,83,86,6.91666666666667,67.222,42.09,"82.38294",0.0120481927710843,1.8,3,0.933333333333333,0,"NO",179
"5:4","15","5","60","7","0",77,76,83,6.33333333333333,64.782,27.938,"89.631448",0.0131578947368421,1.84722222222222,4,1,0,"NO",180
"5:4","18","5","60","5","0",96,186,194,15.5,48.8,49.776,"125.10002",0.483870967741935,1.93506493506494,2,0.993150684931507,0,"NO",181
"5:5","7","5","60","1","0",106,105,109,8.75,48.312,50.142,"152.099596",0.00952380952380952,2.47252747252747,4,0.878378378378378,1,"YES",182
"5:6","16","5","60","3","0",99,101,108,8.41666666666667,39.406,41.724,"141.54684",0.0198019801980198,1.92,2,0.972602739726027,0,"NO",183
"5:6","17","5","60","3","0",99,183,190,15.25,39.406,53.924,"143.198964",0.459016393442623,1.42105263157895,2,0.98780487804878,0,"NO",184
"5:6","18","5","60","7","0",96,176,184,14.6666666666667,52.338,71.126,"206.485732",0.454545454545455,2.5875,4,0.743243243243243,0,"NO",185
"5:6","19","5","60","7","0",90,176,184,14.6666666666667,51.24,71.126,"206.485732",0.488636363636364,1.75555555555556,3,0.789855072463768,0,"NO",186
"5:6","20","5","60","2","0",133,204,213,17,50.02,49.288,"196.855784",0.348039215686274,2.74166666666667,4,0.829710144927536,1,"YES",187
"5:6","21","5","60","2","0",134,137,146,11.4166666666667,53.558,55.022,"196.855784",0.0218978102189781,2.16037735849057,3,0.864864864864865,0,"NO",188
"5:9","18","5","60","8","0",62,76,81,6.33333333333333,49.532,19.032,"43.744076",0.184210526315789,2.75757575757576,6,0.944444444444445,0,"NO",189
"5:9","19","5","60","8","0",71,73,78,6.08333333333333,42.944,17.69,"52.808432",0.0273972602739726,2.03125,3,0.944444444444445,0,"NO",190
"6:10","15","6","30","5","0",56,55,62,4.58333333333333,96.38,48.556,"112.3742",0.0181818181818182,2.91428571428571,7,0.936507936507937,0,"NO",191
"6:10","16","6","30","5","0",74,74,81,6.16666666666667,65.026,57.706,"142.43988",0,1.57142857142857,3,0.797619047619048,2,"YES",192
"6:10","17","6","30","7","0",63,62,72,5.16666666666667,71.492,50.264,"153.960096",0.0161290322580645,1,1,1,0,"NO",193
"6:10","19","6","30","2","0",77,115,127,9.58333333333333,104.92,97.478,"278.866624",0.330434782608696,1.56,3,0.742424242424242,0,"NO",194
"6:12","10","6","30","3","0",198,202,212,16.8333333333333,102.358,194.102,"333.089036",0.0198019801980198,2.56363636363636,6,0.457142857142857,0,"NO",195
"6:14","14","6","30","3","0",33,45,51,3.75,71.248,36.112,"69.552932",0.266666666666667,1,1,1,0,"NO",196
"6:14","16","6","30","4","0",50,73,79,6.08333333333333,102.358,110.654,"241.582204",0.315068493150685,1.15625,2,1,0,"NO",197
"6:14","17","6","30","4","0",55,73,79,6.08333333333333,104.432,110.654,"241.582204",0.246575342465753,3.45454545454545,7,0.964285714285714,0,"NO",198
"6:1","12","6","30","2","0",84,144,151,12,51.484,58.072,"122.673928",0.416666666666667,1.80357142857143,2,0.941176470588235,0,"NO",199
"6:1","13","6","30","2","0",84,146,153,12.1666666666667,81.252,83.814,"253.980576",0.424657534246575,2.10714285714286,3,0.845238095238095,0,"NO",200
"6:2","11","6","30","5","0",64,65,67,5.41666666666667,57.218,36.6,"96.89484",0.0153846153846154,1,1,1,0,"NO",201
"6:2","12","6","30","6","0",84,84,93,7,57.706,60.756,"144.44922",0,3.3015873015873,6,0.733333333333333,0,"NO",202
"6:4","14","6","30","3","0",34,42,49,3.5,74.542,64.904,"203.002876",0.19047619047619,0,0,0,0,"NO",203
"6:6","14","6","30","2","0",59,58,62,4.83333333333333,86.498,52.582,"133.182032",0.0172413793103448,1.9047619047619,4,1,0,"NO",204
"6:6","15","6","30","2","0",52,51,55,4.25,78.202,41.602,"94.632472",0.0196078431372549,1.44827586206897,3,1,0,"NO",205
"6:9","12","6","30","3","0",52,57,60,4.75,145.668,68.198,"268.075724",0.087719298245614,1.64,4,0.545454545454545,0,"NO",206
"7:4","3","7","0","0","1",7,6,6,0.5,8.662,9.76,"20.673876",0.166666666666667,0,0,0,0,"NO",207
"7:4","5","7","0","0","1",10,9,9,0.75,6.222,10.492,"14.943536",0.111111111111111,0,0,0,0,"NO",208
"7:4","14","7","0","3","0",8,7,14,0.583333333333333,11.712,14.152,"29.976376",0.142857142857143,1,1,1,0,"NO",209
"7:4","15","7","0","5","0",5,5,15,0.416666666666667,5.124,6.466,"10.64206",0,0,0,0,0,"NO",210
"7:4","16","7","0","5","0",6,5,15,0.416666666666667,5.734,10.37,"15.672852",0.2,0,0,0,0,"NO",211
"7:5","1","7","0","0","1",4,3,3,0.25,9.15,7.93,"14.1398",0.333333333333333,0,0,0,0,"NO",212
"7:5","5","7","0","0","0",14,13,13,1.08333333333333,7.808,8.54,"14.035612",0.0769230769230769,0,0,0,0,"NO",213
"7:5","9","7","0","1","0",8,7,11,0.583333333333333,8.906,14.64,"18.82826",0.142857142857143,1,1,1,0,"NO",214
"7:5","10","7","0","1","0",8,7,11,0.583333333333333,8.906,9.76,"18.292436",0.142857142857143,0,0,0,0,"NO",215
"7:5","8","7","0","0","0",8,7,12,0.583333333333333,7.198,10.614,"16.431936",0.142857142857143,0,0,0,0,"NO",216
"8:2","1","8","0","0","1",8,7,7,0.583333333333333,7.32,12.566,"21.224584",0.142857142857143,0,0,0,0,"NO",217
"8:2","2","8","0","0","0",24,23,23,1.91666666666667,12.078,13.786,"26.880504",0.0434782608695652,1,1,1,0,"NO",218
"8:2","3","8","0","0","1",18,17,17,1.41666666666667,10.858,12.322,"23.51672",0.0588235294117647,0,0,0,0,"NO",219
"8:2","8","8","0","0","1",4,3,11,0.25,9.15,12.688,"23.189272",0.333333333333333,0,0,0,0,"NO",220
"8:2","9","8","0","0","1",4,3,11,0.25,9.15,12.688,"23.189272",0.333333333333333,0,0,0,0,"NO",221
"8:2","10","8","0","9","0",12,11,23,0.916666666666667,6.588,10.126,"14.720276",0.0909090909090909,0,0,0,0,"NO",222
"8:2","11","8","0","9","0",12,11,23,0.916666666666667,7.076,7.442,"12.50256",0.0909090909090909,1,1,1,0,"NO",223
"8:2","12","8","0","8","0",12,11,23,0.916666666666667,7.198,9.638,"16.952876",0.0909090909090909,0,0,0,0,"NO",224
"8:2","13","8","0","8","0",12,11,23,0.916666666666667,5.49,7.686,"14.928652",0.0909090909090909,1,1,1,0,"NO",225
"8:2","14","8","0","3","0",6,5,23,0.416666666666667,9.272,10.37,"20.0934",0.2,1,1,1,0,"NO",226
"8:2","15","8","0","3","0",6,5,23,0.416666666666667,8.418,7.808,"16.268212",0.2,1,1,1,0,"NO",227
"8:3","1","8","0","0","1",14,13,13,1.08333333333333,9.15,13.42,"23.338112",0.0769230769230769,1,1,1,0,"NO",228
"8:3","2","8","0","0","0",14,13,13,1.08333333333333,6.222,9.638,"13.782584",0.0769230769230769,1,1,1,0,"NO",229
"8:3","4","8","0","0","1",13,12,12,1,8.784,13.664,"16.655196",0.0833333333333333,0,0,0,0,"NO",230
"8:3","8","8","0","4","0",11,10,23,0.833333333333333,9.882,15.128,"25.139076",0.1,1,1,1,0,"NO",231
"8:3","9","8","0","4","0",11,10,23,0.833333333333333,9.272,12.078,"20.971556",0.1,1,1,1,0,"NO",232
"8:3","11","8","0","1","0",9,8,22,0.666666666666667,5.124,10.248,"10.106236",0.125,0,0,0,0,"NO",233
"8:3","12","8","0","10","0",8,7,23,0.583333333333333,8.906,10.492,"17.1166",0.142857142857143,0,0,0,0,"NO",234
"8:3","13","8","0","10","0",8,7,23,0.583333333333333,6.832,7.442,"14.898884",0.142857142857143,1,1,1,0,"NO",235
"8:7","1","8","0","0","1",10,9,9,0.75,7.198,14.762,"18.75384",0.111111111111111,0,0,0,0,"NO",236
"8:7","2","8","0","0","1",4,3,3,0.25,7.198,10.126,"20.748296",0.333333333333333,0,0,0,0,"NO",237
"8:7","3","8","0","0","1",13,12,12,1,8.296,10.98,"17.533352",0.0833333333333333,0,0,0,0,"NO",238
"8:7","4","8","0","0","1",12,11,11,0.916666666666667,9.028,15.738,"21.745524",0.0909090909090909,0,0,0,0,"NO",239
"8:7","13","8","0","2","0",10,9,13,0.75,7.198,8.296,"14.779812",0.111111111111111,0,0,0,0,"NO",240
"8:7","14","8","0","2","0",10,9,13,0.75,6.832,8.662,"14.884",0.111111111111111,1,1,1,0,"NO",241
"8:7","15","8","0","1","0",13,12,22,1,7.442,10.736,"18.039408",0.0833333333333333,1,1,1,0,"NO",242
"8:7","17","8","0","16","0",13,12,23,1,5.002,7.686,"11.103464",0.0833333333333333,1,1,1,0,"NO",243
"8:7","18","8","0","16","0",12,11,22,0.916666666666667,5.612,9.15,"11.222536",0.0909090909090909,1,1,1,0,"NO",244
"8:7","19","8","0","0","1",4,3,15,0.25,7.442,11.346,"16.714732",0.333333333333333,0,0,0,0,"NO",245
"8:7","20","8","0","4","0",12,11,23,0.916666666666667,10.736,13.542,"27.416328",0.0909090909090909,0,0,0,0,"NO",246
"8:7","21","8","0","3","0",11,10,23,0.833333333333333,10.37,10.492,"24.70744",0.1,1,1,1,0,"NO",247
"8:7","22","8","0","3","0",11,10,23,0.833333333333333,9.76,10.492,"24.70744",0.1,1,1,1,0,"NO",248
"8:7","23","8","0","19","0",8,7,23,0.583333333333333,10.736,13.542,"27.416328",0.142857142857143,1,1,1,0,"NO",249
"8:7","24","8","0","19","0",8,7,23,0.583333333333333,10.736,13.542,"27.416328",0.142857142857143,1,1,1,0,"NO",250
"8:9","2","8","0","0","1",12,11,11,0.916666666666667,6.222,11.712,"15.390056",0.0909090909090909,0,0,0,0,"NO",251
"8:9","3","8","0","0","1",9,8,8,0.666666666666667,6.1,11.102,"18.947332",0.125,0,0,0,0,"NO",252
"8:9","4","8","0","0","1",12,11,11,0.916666666666667,12.078,14.274,"25.942812",0.0909090909090909,1,1,1,0,"NO",253
"8:9","5","8","0","0","1",9,8,8,0.666666666666667,6.466,10.858,"24.573484",0.125,0,0,0,0,"NO",254
"8:9","25","8","0","0","1",7,6,15,0.5,6.222,10.248,"15.211448",0.166666666666667,1,1,1,0,"NO",255
"8:9","26","8","0","0","1",7,6,15,0.5,5.734,11.468,"14.497016",0.166666666666667,1,1,1,0,"NO",256
"8:9","27","8","0","0","1",4,3,12,0.25,5.734,13.176,"15.017956",0.333333333333333,0,0,0,0,"NO",257
"8:9","28","8","0","0","1",4,3,12,0.25,4.88,8.174,"14.616088",0.333333333333333,0,0,0,0,"NO",258
"8:9","35","8","0","27","0",11,10,23,0.833333333333333,4.636,7.686,"10.656944",0.1,1,1,1,0,"NO",259
"8:9","36","8","0","27","0",11,10,23,0.833333333333333,4.636,9.394,"12.532328",0.1,0,0,0,0,"NO",260
"8:9","37","8","0","28","0",11,10,23,0.833333333333333,6.588,7.808,"12.87466",0.1,1,1,1,0,"NO",261
"8:9","38","8","0","28","0",11,10,23,0.833333333333333,4.758,8.662,"11.475564",0.1,1,1,1,0,"NO",262
"8:9","39","8","0","31","0",11,10,23,0.833333333333333,7.564,8.784,"15.985416",0.1,0,0,0,0,"NO",263
"8:9","40","8","0","31","0",11,10,23,0.833333333333333,5.49,8.784,"12.859776",0.1,1,1,1,0,"NO",264
"8:9","41","8","0","32","0",9,8,23,0.666666666666667,5.368,8.662,"10.835552",0.125,0,0,0,0,"NO",265
"8:9","42","8","0","32","0",9,8,23,0.666666666666667,5.124,6.954,"12.13046",0.125,0,0,0,0,"NO",266
"8:9","43","8","0","29","0",9,8,23,0.666666666666667,4.514,5.002,"7.918288",0.125,1,1,1,0,"NO",267
"8:9","44","8","0","29","0",9,8,23,0.666666666666667,5.002,5.49,"14.73516",0.125,0,0,0,0,"NO",268
"8:9","45","8","0","30","0",9,8,23,0.666666666666667,5.002,5.734,"14.73516",0.125,0,0,0,0,"NO",269
"8:9","46","8","0","30","0",9,8,23,0.666666666666667,5.002,5.124,"14.73516",0.125,0,0,0,0,"NO",270
"8:9","47","8","0","26","0",8,7,23,0.583333333333333,5.856,7.564,"15.985416",0.142857142857143,1,1,1,0,"NO",271
"8:9","48","8","0","26","0",8,7,23,0.583333333333333,5.978,8.174,"10.746248",0.142857142857143,0,0,0,0,"NO",272
"8:9","49","8","0","25","0",8,7,23,0.583333333333333,6.344,7.564,"15.985416",0.142857142857143,1,1,1,0,"NO",273
"8:9","50","8","0","25","0",8,7,23,0.583333333333333,4.636,8.174,"12.398372",0.142857142857143,1,1,1,0,"NO",274
"8:9","20","8","0","0","0",4,3,23,0.25,3.66,4.88,"8.33504",0.333333333333333,0,0,0,0,"NO",275
"8:9","21","8","0","0","0",4,3,23,0.25,2.928,4.88,"8.424344",0.333333333333333,0,0,0,0,"NO",276
"8:9","22","8","0","0","0",4,3,23,0.25,3.416,5.002,"7.29316",0.333333333333333,0,0,0,0,"NO",277
"8:9","23","8","0","0","0",4,3,23,0.25,2.684,5.612,"7.471768",0.333333333333333,0,0,0,0,"NO",278
"8:9","24","8","0","0","0",4,3,23,0.25,3.538,4.758,"8.290388",0.333333333333333,0,0,0,0,"NO",279
"9:1","1","9","0","0","1",6,5,5,0.416666666666667,6.344,7.686,"17.875684",0.2,0,0,0,0,"NO",280
"9:1","2","9","0","0","1",5,4,4,0.333333333333333,7.076,7.564,"25.793972",0.25,0,0,0,0,"NO",281
"9:1","13","9","0","0","1",4,3,8,0.25,5.246,9.394,"17.503584",0.333333333333333,0,0,0,0,"NO",282
"9:1","14","9","0","0","1",4,3,8,0.25,5.246,6.588,"16.714732",0.333333333333333,0,0,0,0,"NO",283
"9:1","15","9","0","1","0",9,8,14,0.666666666666667,5.978,9.516,"14.720276",0.125,0,0,0,0,"NO",284
"9:1","16","9","0","0","1",8,7,13,0.583333333333333,6.222,9.516,"12.740704",0.142857142857143,1,1,1,0,"NO",285
"9:1","17","9","0","13","0",7,6,15,0.5,4.636,7.564,"14.005844",0.166666666666667,0,0,0,0,"NO",286
"9:1","18","9","0","13","0",6,6,15,0.5,6.1,9.516,"15.151912",0,0,0,0,0,"NO",287
"9:1","19","9","0","14","0",7,6,15,0.5,4.88,7.442,"13.7677",0.166666666666667,0,0,0,0,"NO",288
"9:1","20","9","0","14","0",6,6,15,0.5,5.49,7.442,"14.229104",0,1,1,1,0,"NO",289
"9:1","12","9","0","0","0",5,4,20,0.333333333333333,4.026,7.442,"10.240192",0.25,0,0,0,0,"NO",290
"9:3","3","9","0","0","1",9,8,8,0.666666666666667,7.564,11.346,"16.342632",0.125,1,1,1,0,"NO",291
"9:3","12","9","0","4","0",17,16,23,1.33333333333333,5.856,9.272,"18.054292",0.0625,1,1,1,0,"NO",292
"9:3","14","9","0","0","1",6,5,14,0.416666666666667,6.71,9.394,"16.536124",0.2,0,0,0,0,"NO",293
"9:3","15","9","0","3","0",6,5,14,0.416666666666667,3.66,6.344,"9.97228",0.2,0,0,0,0,"NO",294
"9:3","16","9","0","14","0",9,8,23,0.666666666666667,11.224,15.25,"24.33534",0.125,0,0,0,0,"NO",295
"9:3","17","9","0","14","0",9,8,23,0.666666666666667,11.224,15.25,"24.33534",0.125,0,0,0,0,"NO",296
"9:3","18","9","0","13","0",9,8,23,0.666666666666667,5.002,7.198,"12.457908",0.125,0,0,0,0,"NO",297
"9:3","19","9","0","13","0",8,7,22,0.583333333333333,5.002,6.466,"12.457908",0.142857142857143,0,0,0,0,"NO",298
"9:5","5","9","0","0","1",10,9,11,0.75,5.124,7.442,"16.22356",0.111111111111111,0,0,0,0,"NO",299
"9:5","6","9","0","0","1",10,9,11,0.75,4.758,7.076,"17.41428",0.111111111111111,1,1,1,0,"NO",300
"9:5","7","9","0","5","0",4,3,15,0.25,3.416,4.026,"10.850436",0.333333333333333,0,0,0,0,"NO",301
"9:5","8","9","0","5","0",4,3,15,0.25,4.148,5.246,"12.294184",0.333333333333333,0,0,0,0,"NO",302
"9:5","9","9","0","6","0",4,3,15,0.25,4.026,7.32,"10.895088",0.333333333333333,0,0,0,0,"NO",303
"9:5","10","9","0","6","0",4,3,15,0.25,3.538,6.1,"10.671828",0.333333333333333,0,0,0,0,"NO",304
"9:7","1","9","0","0","1",7,6,6,0.5,6.344,9.882,"12.830008",0.166666666666667,0,0,0,0,"NO",305
"9:7","2","9","0","0","1",7,6,6,0.5,8.174,8.174,"15.672852",0.166666666666667,0,0,0,0,"NO",306
"9:7","9","9","0","0","1",7,6,13,0.5,10.126,8.906,"20.703644",0.166666666666667,1,1,1,0,"NO",307
"9:7","10","9","0","0","1",7,6,13,0.5,10.126,8.662,"20.703644",0.166666666666667,0,0,0,0,"NO",308
"9:7","11","9","0","0","1",7,6,13,0.5,6.588,11.468,"16.134256",0.166666666666667,1,1,1,0,"NO",309
"9:7","12","9","0","0","1",7,6,13,0.5,7.442,8.54,"15.18168",0.166666666666667,0,0,0,0,"NO",310
